,x1,y1,x2,y2,id
0,69.92937202730018,39.54715280761227,96.07062797269984,126.45284719238774,0
1,62.19887503128189,58.567020868301796,103.80112496871811,107.4329791316982,1
2,72.90399757329664,64.04649536860003,93.09600242670335,101.95350463139998,2
3,63.148745080899175,61.98561982348457,102.85125491910082,104.01438017651543,3
4,64.63255321118365,50.52634318500417,101.36744678881635,115.47365681499582,4
5,77.28374860048126,77.14349854728738,88.71625139951874,88.8565014527126,5
6,67.80195454329557,39.72063220193715,98.19804545670445,126.27936779806285,6
7,77.45275105692731,59.98424432154016,88.54724894307269,106.01575567845984,7
8,77.65076649579132,65.9092418523197,88.34923350420868,100.09075814768029,8
9,64.94818837905841,34.73789599359558,101.05181162094158,131.26210400640443,9
10,72.4309176231337,12.307282372050494,93.56908237686629,153.6927176279495,10
11,60.76006909717344,9.747890709123595,105.23993090282656,156.2521092908764,11
12,74.70344470769425,18.701971771581512,91.29655529230575,147.2980282284185,12
13,69.77382805759731,67.37449391819582,96.22617194240269,98.62550608180419,13
14,44.0757326514037,40.49448046650296,121.9242673485963,125.50551953349705,14
15,73.4253114900536,53.580352520594325,92.5746885099464,112.41964747940568,15
16,74.4430521029692,54.186209259930756,91.55694789703078,111.81379074006924,16
17,69.28487418714286,51.75527824975873,96.71512581285712,114.24472175024127,17
18,68.03557608651438,44.93352122109269,97.9644239134856,121.06647877890731,18
19,75.48908419365522,66.28343057771723,90.51091580634478,99.71656942228279,19
20,68.62710185583644,43.87206266856762,97.37289814416356,122.12793733143238,20
21,66.10618009078468,40.00545457197505,99.89381990921534,125.99454542802495,21
22,69.84841084459751,57.438396806684835,96.15158915540249,108.56160319331516,22
23,68.63622380561085,40.65712605039073,97.36377619438915,125.34287394960927,23
24,45.61523338142928,40.6434806375689,120.38476661857072,125.3565193624311,24
25,71.50676562874925,61.35624733901257,94.49323437125074,104.64375266098743,25
26,72.706147753999,41.44653552048878,93.29385224600101,124.55346447951122,26
27,64.88148542753848,22.92686136778768,101.11851457246152,143.0731386322123,27
28,60.984239744560234,28.58797539088902,105.01576025543977,137.41202460911097,28
29,75.85748639745783,60.0650349629654,90.14251360254215,105.9349650370346,29
30,56.60173792415494,28.110475131292112,109.39826207584505,137.8895248687079,30
31,46.870477434478886,8.710001651887879,119.12952256552111,157.28999834811214,31
32,36.1592313090135,45.58261478186246,129.8407686909865,120.41738521813754,32
33,45.401126199545544,-19.865993867324804,120.59887380045446,185.8659938673248,33
34,63.93149126668527,39.35023050891332,102.06850873331473,126.64976949108669,34
35,70.22659853200801,41.00670955974039,95.77340146799199,124.99329044025961,35
36,69.23636199073806,39.60417896199566,96.76363800926194,126.39582103800434,36
37,71.52670003878572,53.414781169475845,94.4732999612143,112.58521883052416,37
38,70.94774451347385,50.6039854061877,95.05225548652615,115.39601459381231,38
39,75.90041141156757,61.07787574589314,90.09958858843241,104.92212425410688,39
40,77.6842476484979,59.52398945598935,88.3157523515021,106.47601054401065,40
41,65.50649198095192,43.77948231075348,100.49350801904808,122.22051768924652,41
42,73.74762827365329,27.89191612385713,92.25237172634672,138.10808387614287,42
43,41.99898215821343,27.91972661991411,124.00101784178656,138.08027338008588,43
44,76.96149726235882,70.23749412096119,89.03850273764118,95.7625058790388,44
45,67.53746331855606,45.39735920011734,98.46253668144394,120.60264079988266,45
46,69.8055237386056,49.94425580175208,96.19447626139439,116.05574419824792,46
47,60.07174727001639,61.27480402130972,105.9282527299836,104.72519597869028,47
48,64.93124176582685,52.773236564056354,101.06875823417315,113.22676343594364,48
49,67.80092068651062,-18.240313064077895,98.19907931348938,184.2403130640779,49
50,73.0504012799259,58.34155241479099,92.9495987200741,107.65844758520902,50
51,75.23852648493859,67.99895573634956,90.76147351506143,98.00104426365044,51
52,77.65983324230413,62.4989698353351,88.34016675769588,103.50103016466488,52
53,73.26177299415998,60.613489914403814,92.73822700584002,105.3865100855962,53
54,77.01442081455755,62.909843050637946,88.98557918544246,103.09015694936204,54
55,79.75963751063249,71.0675041457162,86.24036248936751,94.93249585428379,55
56,76.51601541620845,64.63637350289983,89.48398458379154,101.36362649710019,56
57,79.60799096220249,69.88964668191586,86.39200903779752,96.11035331808415,57
58,74.5621657863231,63.77285683434744,91.43783421367691,102.22714316565256,58
59,79.07273695017764,73.87611077651093,86.92726304982234,92.12388922348907,59
60,74.99250193568552,65.39177827512104,91.00749806431448,100.60822172487897,60
61,63.578993391146845,-3.0670422019260855,102.42100660885316,169.06704220192609,61
62,72.48178288456651,13.796889310342422,93.51821711543349,152.2031106896576,62
63,77.78618548349677,69.7452522916315,88.21381451650323,96.25474770836851,63
64,75.31856407873502,65.52096475595692,90.68143592126499,100.47903524404308,64
65,76.81638113136813,30.57665094099289,89.18361886863188,135.4233490590071,65
66,68.74023900786155,15.761654456101994,97.25976099213845,150.238345543898,66
67,72.55191751117223,40.08972097722386,93.44808248882777,125.91027902277614,67
68,67.86690956295939,0.410091499853948,98.1330904370406,165.58990850014607,68
69,69.49062397741805,30.74924320344728,96.50937602258195,135.2507567965527,69
70,75.38046308411724,68.23653866804942,90.61953691588276,97.76346133195057,70
71,71.89822045545688,65.2667432260033,94.10177954454312,100.7332567739967,71
72,66.40347182906415,7.331851765422485,99.59652817093585,158.66814823457753,72
73,61.88277858268099,14.841196686524754,104.117221417319,151.15880331347523,73
74,72.32929428000004,6.180817003498419,93.67070571999994,159.81918299650158,74
75,32.776931372998526,31.777865380750676,133.22306862700148,134.22213461924932,75
76,73.38344643273994,44.92555984489069,92.61655356726007,121.0744401551093,76
77,77.53845328684264,71.32830089222225,88.46154671315736,94.67169910777775,77
78,66.95214140064164,32.19129330272221,99.04785859935836,133.80870669727778,78
79,76.72609045331382,64.3711704591378,89.27390954668617,101.6288295408622,79
80,72.33998604991847,52.10731951072391,93.66001395008152,113.89268048927609,80
81,69.95235702077237,25.590275189542147,96.04764297922765,140.40972481045785,81
82,79.79084144595504,77.84626434030618,86.20915855404496,88.15373565969384,82
83,79.09399701581015,72.86908312083747,86.90600298418984,93.13091687916251,83
84,77.69824764228845,71.78599531556634,88.30175235771155,94.21400468443365,84
85,79.09853703721284,75.59753381888848,86.90146296278716,90.40246618111154,85
86,67.58324341422619,63.56674166377392,98.41675658577381,102.43325833622609,86
87,79.40556101517359,68.2527729958307,86.59443898482641,97.74722700416929,87
88,78.61431379986088,69.62840849739644,87.38568620013912,96.37159150260358,88
89,79.72393680425728,77.88544170406672,86.27606319574271,88.11455829593326,89
90,77.97199775631515,77.46599750971325,88.02800224368487,88.53400249028674,90
91,80.1574583788884,73.18515068251173,85.84254162111158,92.81484931748828,91
92,78.73767517475474,68.40578644633429,87.26232482524526,97.59421355366572,92
93,71.94189022077096,69.40258843566173,94.05810977922904,96.59741156433827,93
94,77.51923070950573,75.02954341611314,88.48076929049428,90.97045658388684,94
95,73.30396256643338,63.728620749914526,92.6960374335666,102.27137925008547,95
96,73.09566381262732,72.2464649068318,92.90433618737268,93.75353509316821,96
97,67.94749348945498,64.27501682242078,98.052506510545,101.72498317757922,97
98,77.39903080340166,45.41288313630587,88.60096919659836,120.58711686369412,98
99,77.63616401836718,55.53413065161601,88.36383598163282,110.46586934838399,99
100,74.94887534964498,51.707867895827206,91.05112465035502,114.2921321041728,100
101,66.62449289907332,73.66824612880836,99.37550710092668,92.33175387119162,101
102,77.02867147243734,58.01980683371323,88.97132852756266,107.98019316628677,102
103,76.5135804127007,57.48659397370669,89.4864195872993,108.51340602629331,103
104,77.23365969613309,67.64771126997671,88.76634030386691,98.3522887300233,104
105,75.46860231432358,63.14341789229576,90.53139768567641,102.85658210770424,105
106,75.69510058400645,60.09269786181707,90.30489941599356,105.90730213818293,106
107,72.32049786682451,69.33099719941139,93.67950213317549,96.66900280058863,107
108,66.56366457580845,65.75474238377402,99.43633542419157,100.24525761622597,108
109,73.86415531315113,68.01569859402848,92.13584468684886,97.98430140597151,109
110,75.25124660832466,73.76549608804025,90.74875339167534,92.23450391195976,110
111,75.81463133909833,67.60924316960013,90.18536866090169,98.39075683039985,111
112,71.18454229356729,44.1161209753965,94.8154577064327,121.8838790246035,112
113,64.01157529407719,46.697419922097815,101.98842470592281,119.30258007790218,113
114,57.8962596992323,16.866186632706572,108.1037403007677,149.13381336729344,114
115,56.05726140797368,-0.11143250179242159,109.94273859202633,166.11143250179242,115
116,26.585473363458938,-3.8905691897860635,139.41452663654107,169.89056918978605,116
117,74.41373595338625,59.98066651431888,91.58626404661375,106.01933348568113,117
118,70.85048078030697,32.17089012067002,95.14951921969303,133.82910987932996,118
119,74.76799990509596,54.075682306016276,91.23200009490405,111.92431769398371,119
120,73.94312594150261,54.540970605755014,92.05687405849737,111.459029394245,120
121,56.93620138855006,26.37576463871676,109.06379861144994,139.62423536128324,121
122,73.94649600983134,71.97624499943417,92.05350399016868,94.02375500056584,122
123,75.72238599108833,52.811736781904784,90.27761400891168,113.18826321809522,123
124,74.97741388360802,51.73723631658583,91.02258611639198,114.26276368341416,124
125,74.86343680192802,54.79677429574766,91.13656319807198,111.20322570425233,125
126,59.681864862032825,42.9898932104337,106.31813513796718,123.0101067895663,126
127,66.0709975122183,12.324017680442694,99.92900248778172,153.6759823195573,127
128,67.30888883701343,45.233680192365846,98.69111116298657,120.76631980763415,128
129,70.6997334348638,51.40754023776995,95.30026656513618,114.59245976223005,129
130,72.74390363259562,56.446829165380265,93.25609636740437,109.55317083461973,130
131,77.6335240147747,69.24793804097,88.36647598522532,96.75206195903,131
132,76.80140663295202,54.60974186010279,89.19859336704796,111.39025813989721,132
133,76.95881834303088,61.16728603534368,89.0411816569691,104.8327139646563,133
134,69.54459522733052,59.76530769619491,96.45540477266948,106.2346923038051,134
135,74.79384634039796,71.37799493536076,91.20615365960205,94.62200506463925,135
136,77.11256910519865,68.72954758732227,88.88743089480134,97.27045241267774,136
137,79.13721958946665,75.13351370925366,86.86278041053333,90.86648629074634,137
138,76.56237699759961,53.535150677035524,89.43762300240037,112.46484932296448,138
139,68.31904340533015,51.52379932989052,97.68095659466984,114.47620067010948,139
140,71.26926541499147,10.350671447958305,94.73073458500852,155.6493285520417,140
141,75.11362390574335,56.86451746906131,90.88637609425665,109.13548253093867,141
142,79.7577787224651,68.8077010473109,86.24222127753488,97.1922989526891,142
143,71.65658204374876,63.51499145336345,94.34341795625124,102.48500854663655,143
144,74.82384610112277,66.68712935570659,91.17615389887723,99.31287064429343,144
145,76.82032232490035,74.73549638964172,89.17967767509965,91.26450361035828,145
146,55.66845362289315,40.974419947422206,110.33154637710686,125.0255800525778,146
147,38.686980614017045,35.3533787498001,127.31301938598295,130.6466212501999,147
148,77.89820283496834,75.60187085118812,88.10179716503166,90.39812914881189,148
149,44.788733041647255,34.25835185500366,121.21126695835275,131.74164814499633,149
150,68.65755219418595,58.07415388346867,97.34244780581403,107.92584611653132,150
151,76.52357219027577,58.769276536543515,89.47642780972423,107.23072346345648,151
152,79.59990843873285,68.92252076675302,86.40009156126715,97.07747923324698,152
153,58.851239283868,60.64724013544411,107.14876071613199,105.35275986455589,153
154,78.16009614635786,61.96235574795445,87.83990385364213,104.03764425204557,154
155,79.33238865299774,64.38428241377733,86.66761134700226,101.61571758622266,155
156,40.24533128858908,39.116980800057746,125.75466871141091,126.88301919994225,156
157,53.875463512272,28.47173977935845,112.124536487728,137.52826022064156,157
158,72.33754396937611,60.41382163108375,93.6624560306239,105.58617836891625,158
159,65.92990141446654,37.07384663329075,100.07009858553347,128.92615336670926,159
160,80.60372226223356,75.45946114326038,85.39627773776644,90.54053885673963,160
161,80.49755695033897,68.89655950441524,85.50244304966103,97.10344049558475,161
162,79.76311486855145,69.84043290035724,86.23688513144856,96.15956709964277,162
163,79.76155033982084,65.94637380936243,86.23844966017914,100.05362619063757,163
164,80.37774594813928,73.55963040646714,85.62225405186071,92.44036959353286,164
165,80.27608168668225,66.90490474554437,85.72391831331775,99.09509525445563,165
166,77.22897626950652,60.80329119976342,88.77102373049348,105.19670880023659,166
167,80.35799881718421,79.32999833106305,85.64200118281578,86.67000166893696,167
168,74.94391879663836,61.58500594740921,91.05608120336164,104.4149940525908,168
169,78.46872760550436,68.67827613160694,87.53127239449566,97.32172386839306,169
170,69.13422975815959,46.69937894040239,96.8657702418404,119.3006210595976,170
171,73.65208695625348,54.744615765132494,92.3479130437465,111.2553842348675,171
172,74.93443748106817,62.92444194424474,91.06556251893184,103.07555805575527,172
173,69.62592056906344,52.722685033799635,96.37407943093655,113.27731496620035,173
174,75.12351826241564,65.08890465381862,90.87648173758436,100.9110953461814,174
175,29.7031964579365,-25.51479607667565,136.29680354206351,191.51479607667565,175
176,76.80591474524505,47.867351585384284,89.19408525475495,118.13264841461572,176
177,80.09634346900326,70.97717954783488,85.90365653099674,95.02282045216512,177
178,64.60875193440495,17.583459268698704,101.39124806559504,148.4165407313013,178
179,76.00229071038994,60.982233693560104,89.99770928961004,105.01776630643991,179
180,71.18435573011136,14.283133518309342,94.81564426988862,151.71686648169066,180
181,77.76409782726033,68.30964106760835,88.23590217273966,97.69035893239166,181
182,76.43349961452068,70.0359192742987,89.56650038547932,95.9640807257013,182
183,65.28584238172755,16.68960727335046,100.71415761827245,149.31039272664952,183
184,75.26944589613873,69.01122579977073,90.73055410386128,96.98877420022927,184
185,76.55823487406171,66.25282673105697,89.44176512593829,99.74717326894303,185
186,75.47099272080285,45.11366952316441,90.52900727919713,120.88633047683558,186
187,77.81654888927876,72.49717119057918,88.18345111072124,93.50282880942082,187
188,71.89523534688448,62.63413054734713,94.10476465311552,103.36586945265287,188
189,74.56933787816756,72.8935544051086,91.43066212183243,93.10644559489141,189
190,70.62662585745986,46.74010738777623,95.37337414254014,119.25989261222378,190
191,77.94961974147306,35.9862199476313,88.05038025852694,130.0137800523687,191
192,76.85198348550526,72.51097196769405,89.14801651449474,93.48902803230595,192
193,74.10671368788991,58.10401654884872,91.89328631211008,107.89598345115128,193
194,79.8208222269744,64.13705737431195,86.1791777730256,101.86294262568804,194
195,79.76760462394651,72.20142196282305,86.23239537605347,93.79857803717694,195
196,77.616313984529,71.85660172736792,88.383686015471,94.14339827263208,196
197,78.06793716939859,68.49996176246418,87.93206283060141,97.50003823753582,197
198,75.57713156687109,67.74228672932931,90.4228684331289,98.25771327067068,198
199,74.10193210793673,40.66150408743686,91.89806789206327,125.33849591256313,199
200,75.39272469832355,63.15125693052265,90.60727530167645,102.84874306947735,200
201,76.86961866500134,72.12689863700334,89.13038133499865,93.87310136299666,201
202,69.90311410146636,49.18352738216923,96.09688589853364,116.81647261783077,202
203,74.03513573149667,62.43609003314303,91.96486426850333,103.56390996685695,203
204,72.06574266179778,42.54923668056438,93.93425733820223,123.45076331943562,204
205,70.87245299415831,45.99506316462593,95.12754700584169,120.00493683537407,205
206,71.86440380228763,61.92129352449194,94.13559619771236,104.07870647550806,206
207,74.69713431624358,70.2265933185387,91.30286568375642,95.7734066814613,207
208,74.42206490176667,69.23733200829142,91.57793509823331,96.76266799170857,208
209,72.20822844970965,35.11279325331245,93.79177155029035,130.88720674668755,209
210,75.96448123359052,70.44171709089974,90.03551876640948,95.55828290910026,210
211,62.32387140286729,13.068086359195078,103.6761285971327,152.9319136408049,211
212,71.56664748397807,76.95696462342805,94.43335251602194,89.04303537657194,212
213,67.12814542775482,17.08227204594354,98.87185457224518,148.91772795405646,213
214,77.86006312660359,71.95472306537766,88.1399368733964,94.04527693462232,214
215,67.48981368384047,37.22663014235244,98.51018631615953,128.77336985764757,215
216,62.55544597576166,56.988681317297186,103.44455402423833,109.01131868270281,216
217,67.10060003466968,56.18385551458786,98.89939996533032,109.81614448541214,217
218,75.31253089437102,67.70560869754863,90.68746910562898,98.29439130245136,218
219,71.34689293962712,51.02615735382281,94.65310706037289,114.97384264617719,219
220,74.23537451829414,62.48967876897097,91.76462548170585,103.51032123102902,220
221,72.55002266748869,67.30559146343832,93.4499773325113,98.69440853656168,221
222,73.08735702343463,58.27333758242938,92.91264297656535,107.72666241757062,222
223,73.76224036267683,67.31578016984508,92.23775963732318,98.68421983015493,223
224,63.105469578572624,27.91832623049659,102.89453042142738,138.08167376950342,224
225,75.30352538170708,53.724032064464566,90.69647461829291,112.27596793553542,225
226,69.02960349978697,8.122018924464172,96.97039650021304,157.87798107553584,226
227,76.7064381585179,59.42464928680804,89.2935618414821,106.57535071319197,227
228,69.44562449477685,19.3662726761586,96.55437550522315,146.6337273238414,228
229,71.15809246795015,6.901058347536818,94.84190753204983,159.09894165246317,229
230,65.71108674749914,63.234897608094734,100.28891325250086,102.76510239190526,230
231,72.5196216318332,39.644088668693314,93.48037836816678,126.35591133130669,231
232,76.82895587238269,68.49305989146916,89.17104412761731,97.50694010853083,232
233,55.01816479114307,40.21723864352604,110.98183520885692,125.78276135647397,233
234,70.82615053656075,11.632168246996628,95.17384946343924,154.36783175300337,234
235,59.629443256524674,25.16678832292814,106.37055674347533,140.83321167707186,235
236,56.88237374396364,15.429514655990502,109.11762625603636,150.5704853440095,236
237,72.44982056503645,53.107821756341906,93.55017943496354,112.8921782436581,237
238,65.26665251569163,55.54865927876881,100.73334748430837,110.45134072123119,238
239,69.28734408014103,11.741430379830774,96.71265591985896,154.25856962016923,239
240,68.43860270269367,57.539439972417625,97.56139729730633,108.46056002758237,240
241,62.283444969964236,14.655070245664916,103.71655503003578,151.34492975433508,241
242,77.4823156560807,62.2738016676357,88.51768434391931,103.7261983323643,242
243,73.53957834641187,46.50411995426746,92.46042165358814,119.49588004573255,243
244,72.51552859582326,37.01260455026835,93.48447140417676,128.98739544973165,244
245,71.40316989218269,38.77285945380228,94.59683010781731,127.22714054619772,245
246,33.986134905895,32.9812420084662,132.013865094105,133.0187579915338,246
247,70.73655602986793,18.703088034883024,95.26344397013207,147.29691196511698,247
248,61.77241590965896,15.96173216550119,104.22758409034104,150.0382678344988,248
249,67.78845973446475,29.32410849715673,98.21154026553525,136.67589150284329,249
250,75.12326043842401,45.4681463686844,90.876739561576,120.5318536313156,250
251,70.54133740850597,31.05686879324177,95.45866259149402,134.94313120675824,251
252,75.12475395225647,59.376205985807424,90.87524604774352,106.62379401419258,252
253,78.43198793237146,75.35047998237799,87.56801206762854,90.64952001762201,253
254,74.15091825011044,40.37254768051461,91.84908174988956,125.6274523194854,254
255,72.1797969940189,28.874607959271998,93.82020300598109,137.125392040728,255
256,71.50410874451235,34.4146379232901,94.49589125548766,131.58536207670988,256
257,63.95976953592735,15.507343901442681,102.04023046407264,150.49265609855732,257
258,78.0520345532229,71.03932606152564,87.94796544677709,94.96067393847436,258
259,74.61016775718966,71.79200034573519,91.38983224281034,94.20799965426481,259
260,71.1340030935261,4.0351930727206735,94.86599690647388,161.9648069272793,260
261,72.8182362494177,43.64779525474461,93.18176375058229,122.35220474525539,261
262,72.27694776427906,57.71061216512942,93.72305223572094,108.28938783487058,262
263,73.33162020614421,63.20163846010843,92.66837979385579,102.79836153989157,263
264,74.3758306424717,64.10063049561907,91.62416935752832,101.89936950438093,264
265,76.18598179761017,72.1947210789124,89.81401820238985,93.80527892108759,265
266,70.0994609293836,64.7266945912213,95.90053907061639,101.2733054087787,266
267,67.76352584388266,34.52929596330893,98.23647415611735,131.47070403669107,267
268,62.126564958844185,1.7559706093734206,103.87343504115583,164.24402939062657,268
269,69.17779964592215,16.983201455046327,96.82220035407786,149.01679854495367,269
270,73.48704033781235,12.076463436511432,92.51295966218767,153.92353656348857,270
271,75.70077689065474,64.68033381683773,90.29922310934526,101.31966618316227,271
272,78.46998833706739,69.2434140931516,87.53001166293262,96.75658590684839,272
273,79.11123958535627,75.60698045450981,86.88876041464371,90.39301954549019,273
274,67.5752470423166,36.02742032449777,98.4247529576834,129.97257967550223,274
275,66.26380108575216,38.08938911595474,99.73619891424785,127.91061088404527,275
276,77.07573986501058,57.85928078972282,88.92426013498944,108.14071921027718,276
277,72.83383212837367,42.673634614730645,93.16616787162633,123.32636538526936,277
278,72.84959270109611,46.94219565333325,93.1504072989039,119.05780434666676,278
279,76.98430831802739,56.67399587455162,89.01569168197261,109.32600412544838,279
280,74.1386735632847,41.106495153633894,91.8613264367153,124.89350484636611,280
281,79.2469103894258,51.67956631446495,86.75308961057421,114.32043368553505,281
282,74.40974573778668,38.546669165151386,91.5902542622133,127.45333083484861,282
283,63.364697860104116,58.667185560184365,102.63530213989588,107.33281443981564,283
284,67.62119214886772,35.25741029424039,98.37880785113228,130.7425897057596,284
285,79.97174860734015,58.59284938665513,86.02825139265987,107.40715061334487,285
286,81.91408230054022,76.59449911696984,84.08591769945978,89.40550088303016,286
287,74.99727129190317,42.162713624678744,91.00272870809683,123.83728637532126,287
288,70.2236280990608,29.079856843082297,95.7763719009392,136.9201431569177,288
289,67.50710771741667,30.072621020638074,98.49289228258334,135.92737897936192,289
290,77.30606412988965,61.91383893995874,88.69393587011037,104.08616106004126,290
291,78.26736349982056,68.37504458126453,87.73263650017944,97.62495541873547,291
292,78.66848845667015,72.18647167606706,87.33151154332987,93.81352832393296,292
293,80.65076159947526,71.99406439120234,85.34923840052474,94.00593560879766,293
294,78.62680823826177,67.44526219885078,87.37319176173821,98.55473780114922,294
295,70.31413294545523,60.013188899664655,95.68586705454479,105.98681110033533,295
296,77.86586356121468,70.12938111190842,88.13413643878533,95.8706188880916,296
297,75.80372674195426,61.696199451447626,90.19627325804572,104.30380054855237,297
298,77.32954689360945,64.63604638837268,88.67045310639057,101.36395361162731,298
299,73.07718552467068,37.04980999427206,92.9228144753293,128.95019000572793,299
300,56.911328208037446,40.969278827862105,109.08867179196255,125.0307211721379,300
301,80.08753144866765,73.60425277053496,85.91246855133237,92.39574722946503,301
302,75.37239020929289,61.96417018959083,90.62760979070711,104.03582981040918,302
303,75.21359759289376,70.63426239015543,90.78640240710624,95.36573760984457,303
304,75.81402605269109,68.86530675960738,90.18597394730891,97.13469324039262,304
305,73.68764452789945,45.618548998151496,92.31235547210056,120.3814510018485,305
306,74.31706801225948,43.16853368723417,91.68293198774052,122.83146631276583,306
307,79.33587171007892,72.08684777149608,86.66412828992108,93.91315222850392,307
308,77.94001398067603,74.96565241447695,88.05998601932397,91.03434758552305,308
309,65.87870443533843,57.919434659232664,100.12129556466155,108.08056534076735,309
310,80.05039239897916,77.43670439397654,85.94960760102084,88.56329560602346,310
311,75.32489033763378,1.1354418975311518,90.67510966236621,164.86455810246883,311
312,75.46946851891977,47.69642831366068,90.53053148108023,118.30357168633932,312
313,67.08745756290027,57.181435971379045,98.91254243709973,108.81856402862095,313
314,80.6495510102036,65.48199468404012,85.3504489897964,100.5180053159599,314
315,77.92155965060992,47.2358375866986,88.07844034939008,118.76416241330139,315
316,79.7062001237173,65.58863485751333,86.29379987628269,100.41136514248667,316
317,76.95105662975614,47.72543887144023,89.04894337024386,118.27456112855977,317
318,55.33417655075128,52.777168935347895,110.6658234492487,113.2228310646521,318
319,76.82286033813347,64.71989414007675,89.17713966186653,101.28010585992327,319
320,77.08098460468295,77.70898581909857,88.91901539531703,88.29101418090141,320
321,77.2895952051412,50.98461045059736,88.71040479485879,115.01538954940264,321
322,71.9384417498228,37.67769927370191,94.0615582501772,128.3223007262981,322
323,79.06520429374028,64.26230898362874,86.93479570625972,101.73769101637126,323
324,80.17649504161938,77.45742392361639,85.82350495838062,88.54257607638361,324
325,73.94151573968225,55.02083437403825,92.05848426031775,110.97916562596174,325
326,67.49154133064573,50.01640406107151,98.50845866935427,115.98359593892849,326
327,77.66794101694997,59.46131030622138,88.33205898305002,106.53868969377862,327
328,63.61446456464922,25.585786705293977,102.38553543535079,140.41421329470603,328
329,71.35213341203068,26.201579834910902,94.6478665879693,139.7984201650891,329
330,78.51048207772018,67.17363392547108,87.48951792227982,98.82636607452893,330
331,76.02424422509345,55.72878128754602,89.97575577490655,110.27121871245399,331
332,69.56051416340067,70.74295340426578,96.43948583659932,95.25704659573422,332
333,79.31033751573938,75.80841056771871,86.68966248426061,90.19158943228129,333
334,72.31872630195724,71.7374744284419,93.68127369804276,94.26252557155809,334
335,77.2145848271278,75.20497944774999,88.78541517287222,90.79502055225001,335
336,57.02809139032832,38.074705323031,108.97190860967169,127.925294676969,336
337,38.099802253299345,15.064391974366643,127.90019774670066,150.93560802563337,337
338,54.44392488015903,54.41367380962534,111.55607511984097,111.58632619037465,338
339,65.18624464471003,25.226213231042202,100.81375535528997,140.7737867689578,339
340,69.61245025686179,62.676437870663534,96.38754974313821,103.32356212933647,340
341,58.968435031026075,57.32492812936056,107.03156496897392,108.67507187063944,341
342,57.88930087693614,18.9650858315364,108.11069912306385,147.03491416846362,342
343,61.8974439781303,51.889667836673624,104.1025560218697,114.11033216332638,343
344,65.38739860350661,8.568284480001395,100.61260139649337,157.4317155199986,344
345,49.45810352976662,-4.309979069190604,116.54189647023338,170.3099790691906,345
346,59.42843416415988,-15.013271051679524,106.57156583584012,181.0132710516795,346
347,-2.3987254958321955,9.394053684077264,168.3987254958322,156.60594631592272,347
348,71.1467391300959,59.681050827706656,94.85326086990412,106.31894917229334,348
349,60.478939967221805,56.309679720449225,105.5210600327782,109.69032027955078,349
350,58.053618615603746,26.650544620533353,107.94638138439626,139.34945537946663,350
351,63.76632381001322,22.01283873582488,102.2336761899868,143.9871612641751,351
352,71.40012750568162,29.612608309053883,94.59987249431838,136.38739169094612,352
353,66.38888683531607,33.43239694492984,99.61111316468391,132.56760305507015,353
354,75.17772480326107,70.13569450718383,90.82227519673894,95.86430549281617,354
355,73.96489022491743,30.529529484432878,92.03510977508256,135.47047051556711,355
356,73.39261265916006,56.11192903626913,92.60738734083995,109.88807096373085,356
357,75.99686600192763,57.56293290332739,90.00313399807239,108.43706709667262,357
358,76.57990849176112,56.06505658316459,89.42009150823888,109.93494341683541,358
359,57.930287358515,61.74630355532243,108.06971264148498,104.25369644467759,359
360,70.87121240343868,55.402670036306056,95.12878759656134,110.59732996369394,360
361,64.54946200579198,51.56980572562427,101.45053799420803,114.43019427437574,361
362,75.50430742058991,21.966190006583233,90.49569257941008,144.03380999341675,362
363,72.97197304737867,20.215334863917583,93.02802695262135,145.78466513608242,363
364,67.30312333471461,58.75621636248789,98.69687666528537,107.24378363751211,364
365,69.04154263849564,62.60869583468239,96.95845736150434,103.39130416531762,365
366,65.89766282934661,37.33461485983067,100.10233717065339,128.66538514016932,366
367,71.84062052772319,52.27213218733685,94.1593794722768,113.72786781266315,367
368,53.61444337846356,11.153059384463006,112.38555662153644,154.846940615537,368
369,46.930968296022975,-7.777655761894394,119.06903170397703,173.77765576189438,369
370,60.59194081920525,50.19016255564501,105.40805918079477,115.809837444355,370
371,77.9967469270419,62.85431013063835,88.0032530729581,103.14568986936163,371
372,69.15696358949742,62.03094448806767,96.84303641050256,103.96905551193234,372
373,76.88441408045293,63.591986440841,89.11558591954707,102.408013559159,373
374,80.13324263103763,72.02272095986442,85.86675736896237,93.97727904013558,374
375,77.82021991435167,64.27293144936988,88.17978008564835,101.72706855063012,375
376,76.75023375437128,75.66698086989403,89.24976624562872,90.33301913010595,376
377,78.3153892784018,70.86121669953594,87.68461072159819,95.13878330046407,377
378,59.07450553089717,19.87193484616688,106.92549446910283,146.12806515383312,378
379,55.15167742941798,33.2838947863157,110.84832257058201,132.7161052136843,379
380,55.428176877244766,21.18558649640746,110.57182312275523,144.81441350359253,380
381,71.9079030342472,20.44082694216614,94.0920969657528,145.55917305783385,381
382,79.12324526318432,69.18099694033158,86.8767547368157,96.81900305966842,382
383,75.89798052002283,63.24780030445975,90.10201947997717,102.75219969554024,383
384,78.44101247002565,60.55428951196912,87.55898752997435,105.4457104880309,384
385,66.64582140587845,24.58859333892911,99.35417859412154,141.41140666107088,385
386,79.91589477116943,75.73427889848502,86.08410522883057,90.26572110151498,386
387,80.14274683918278,74.76349125842754,85.85725316081724,91.23650874157246,387
388,71.17349790460001,43.360555259785734,94.82650209539997,122.63944474021426,388
389,73.13100806777946,42.37489297783328,92.86899193222054,123.62510702216673,389
390,75.88455244186335,53.64343365084228,90.11544755813664,112.35656634915773,390
391,77.23068793778543,64.43521583582239,88.76931206221457,101.56478416417761,391
392,77.12994990971117,66.7821309641957,88.87005009028884,99.2178690358043,392
393,77.26829186419667,69.06776673277037,88.73170813580333,96.93223326722963,393
394,77.38774710209101,57.158432647186444,88.61225289790899,108.84156735281357,394
395,79.250996537745,71.06195919067954,86.749003462255,94.93804080932044,395
396,78.31710923905845,75.29210269836838,87.68289076094153,90.70789730163162,396
397,74.12927425970409,56.315716102450864,91.87072574029592,109.68428389754914,397
398,65.37195347606547,56.68493102683367,100.62804652393451,109.31506897316632,398
399,72.96522364163008,56.43842995510243,93.03477635836992,109.56157004489756,399
400,69.34518221504275,66.44584483241442,96.65481778495726,99.55415516758558,400
401,54.017922555482684,63.78344847533773,111.98207744451733,102.21655152466226,401
402,69.81085271730026,50.89321845777749,96.18914728269975,115.1067815422225,402
403,78.19951781067776,75.38681923815675,87.80048218932224,90.61318076184325,403
404,73.22839753740914,63.871545793961815,92.77160246259086,102.12845420603819,404
405,77.0776778566343,71.28559430391364,88.92232214336572,94.71440569608636,405
406,78.1283620098632,75.8869814380602,87.87163799013682,90.11301856193978,406
407,70.24126735118521,44.08697336607572,95.7587326488148,121.91302663392429,407
408,60.492952093720916,31.013362627378,105.5070479062791,134.986637372622,408
409,72.00129970310708,29.331712114485143,93.99870029689292,136.66828788551487,409
410,58.091934780075775,55.748678329069975,107.90806521992423,110.25132167093003,410
411,75.13485909628932,29.0493743479281,90.86514090371068,136.9506256520719,411
412,76.3825467029826,19.423135594581282,89.61745329701739,146.57686440541872,412
413,76.41376397125252,19.353153745648953,89.58623602874746,146.64684625435103,413
414,72.70127721495588,17.58926594730417,93.29872278504412,148.41073405269583,414
415,73.96202130173462,57.68732382283534,92.03797869826536,108.31267617716466,415
416,68.92503175644622,63.91203937595744,97.0749682435538,102.08796062404255,416
417,77.0219841868309,76.95723435627362,88.9780158131691,89.0427656437264,417
418,73.49822903782086,48.90153875081017,92.50177096217914,117.09846124918982,418
419,75.55401704349566,27.824397071548674,90.44598295650434,138.17560292845133,419
420,66.90197762522149,16.815895711281257,99.0980223747785,149.18410428871874,420
421,75.58515965010038,63.426815789836354,90.4148403498996,102.57318421016365,421
422,78.06920050853817,75.07777425135461,87.93079949146181,90.92222574864539,422
423,77.3512909000349,71.12946872239917,88.6487090999651,94.87053127760085,423
424,78.7417575148308,69.48113833841768,87.2582424851692,96.51886166158232,424
425,77.06079139432882,68.75140709359341,88.93920860567118,97.2485929064066,425
426,70.54129733081432,26.46016449827168,95.45870266918567,139.5398355017283,426
427,69.93399515680099,70.96199563621528,96.06600484319901,95.03800436378472,427
428,77.79109302185431,72.90033091507449,88.2089069781457,93.09966908492552,428
429,66.1597072582655,17.656023756489205,99.84029274173452,148.34397624351078,429
430,68.84378784728665,15.42379914126569,97.15621215271335,150.5762008587343,430
431,65.34031034983408,10.121471438341317,100.65968965016592,155.8785285616587,431
432,77.37423555194495,66.32120613998121,88.62576444805505,99.67879386001877,432
433,67.95410862174639,21.930228311176762,98.0458913782536,144.06977168882324,433
434,77.17950991856141,69.98621576615778,88.82049008143858,96.01378423384223,434
435,51.60975443683779,45.05410417314541,114.39024556316221,120.94589582685458,435
436,71.92922503488917,41.96064795957907,94.07077496511084,124.03935204042094,436
437,30.741162224079268,40.14738662251009,135.25883777592074,125.85261337748992,437
438,54.83602671368083,34.33037330785758,111.16397328631916,131.66962669214243,438
439,81.55372401317273,75.33741649311408,84.44627598682726,90.66258350688592,439
440,78.04157992178351,71.11160989662605,87.95842007821649,94.88839010337396,440
441,77.3646514914781,78.43573975736484,88.6353485085219,87.56426024263514,441
442,76.08441388962584,73.91383042063379,89.91558611037416,92.08616957936621,442
443,61.92402669109578,4.614152710374412,104.07597330890422,161.3858472896256,443
444,75.74592388291246,60.46115081409435,90.25407611708755,105.53884918590566,444
445,76.55073661349658,67.15393687496797,89.44926338650343,98.84606312503203,445
446,45.37690056295202,43.43364649967725,120.62309943704798,122.56635350032275,446
447,77.6723689807762,70.62427100884558,88.32763101922379,95.37572899115442,447
448,73.1400413048109,59.93690260258826,92.8599586951891,106.06309739741175,448
449,76.62870407611213,61.690447451612215,89.37129592388789,104.30955254838779,449
450,68.51548643593983,55.837380849317945,97.48451356406017,110.16261915068205,450
451,72.10619704197562,60.66174932291027,93.89380295802438,105.33825067708972,451
452,66.8688430115663,37.33470333981723,99.13115698843369,128.66529666018278,452
453,78.87672005756782,62.6781712261636,87.12327994243219,103.32182877383639,453
454,76.60581647420497,45.91127702450346,89.39418352579503,120.08872297549654,454
455,76.19314044266243,50.04046295281136,89.80685955733757,115.95953704718863,455
456,76.16198197647886,48.151008175127934,89.83801802352114,117.84899182487206,456
457,76.69139009528249,47.4072762266991,89.30860990471751,118.59272377330089,457
458,77.24232192014081,42.68572525952346,88.75767807985919,123.31427474047655,458
459,76.12608794771856,62.50404171456906,89.87391205228144,103.49595828543093,459
460,77.77339338382265,59.038354409538144,88.22660661617736,106.96164559046186,460
461,76.59816551441068,52.210021015109476,89.40183448558932,113.78997898489052,461
462,75.68092046002367,60.87977426787873,90.31907953997631,105.12022573212127,462
463,76.42716376744549,45.426101007448004,89.5728362325545,120.57389899255199,463
464,79.68236855765456,64.40287925193459,86.31763144234543,101.59712074806541,464
465,78.2578937394789,52.893236897666995,87.74210626052108,113.10676310233302,465
466,78.0341108564422,57.2486001530378,87.9658891435578,108.7513998469622,466
467,76.82723784477322,56.78029893028908,89.17276215522679,109.21970106971091,467
468,76.46548278370928,65.93200486978625,89.53451721629074,100.06799513021375,468
469,75.99524988846854,60.33514968977293,90.00475011153146,105.66485031022708,469
470,78.93955851676971,64.75545223052926,87.06044148323029,101.24454776947076,470
471,75.56717274523102,54.96705974829567,90.43282725476898,111.03294025170433,471
472,78.87298963382692,73.54572498152291,87.12701036617307,92.45427501847709,472
473,68.37485452877603,32.0188410261938,97.62514547122397,133.9811589738062,473
474,65.17447029402874,42.4257391146724,100.82552970597125,123.57426088532759,474
475,79.04168442741639,64.77085286820856,86.95831557258361,101.22914713179145,475
476,78.81524492582095,73.80339581934588,87.18475507417904,92.19660418065413,476
477,36.56115657689765,19.5361907870911,129.43884342310236,146.4638092129089,477
478,65.9596263751135,30.59742579619777,100.0403736248865,135.40257420380223,478
479,77.00643209898959,56.73470123937289,88.9935679010104,109.2652987606271,479
480,63.70131956333516,34.5277937956967,102.29868043666482,131.4722062043033,480
481,80.65703195711082,75.11602850319079,85.34296804288918,90.88397149680921,481
482,74.1015951604113,63.375197832207334,91.89840483958871,102.62480216779267,482
483,74.13546612885769,62.92169730623377,91.86453387114231,103.07830269376623,483
484,77.63126879122512,74.36972526509149,88.36873120877486,91.6302747349085,484
485,81.13024262937674,76.65898327355936,84.86975737062326,89.34101672644064,485
486,74.13603729979572,61.31794519510432,91.86396270020427,104.68205480489567,486
487,81.33074520743537,78.85548911209052,84.66925479256463,87.14451088790948,487
488,78.13837035389831,62.438445710197385,87.86162964610169,103.56155428980261,488
489,74.77121175422214,61.92869418349921,91.22878824577788,104.0713058165008,489
490,75.91923135351819,71.80822037721435,90.08076864648181,94.19177962278565,490
491,74.57019709294399,66.12553760115601,91.429802907056,99.87446239884399,491
492,76.0039334661258,63.39192292383059,89.99606653387418,102.60807707616941,492
493,77.34902262325356,68.14007327995863,88.65097737674645,97.85992672004137,493
494,74.15767639988842,56.607165199386024,91.84232360011157,109.39283480061397,494
495,77.52082080478242,70.99730857005396,88.4791791952176,95.00269142994605,495
496,73.07102101537004,68.04395318566769,92.92897898462996,97.9560468143323,496
497,65.46137494578676,62.81821036026537,100.53862505421324,103.18178963973463,497
498,80.94651136781818,78.35824493725703,85.05348863218182,87.64175506274296,498
499,79.55402720556299,74.16810702269893,86.44597279443701,91.83189297730107,499
500,73.06190529838209,59.280128946124094,92.9380947016179,106.7198710538759,500
501,73.48722513537717,71.02396842647782,92.51277486462284,94.97603157352216,501
502,66.3902367747173,50.41153479292866,99.6097632252827,115.58846520707134,502
503,77.2381935721078,74.28416984375555,88.76180642789221,91.71583015624446,503
504,71.32627879047718,60.93444186809454,94.67372120952282,105.06555813190548,504
505,74.56446537215707,62.36864010632115,91.43553462784293,103.63135989367885,505
506,74.12645985370011,60.513205835146266,91.87354014629989,105.48679416485373,506
507,72.91278209610059,44.2507537015073,93.0872179038994,121.7492462984927,507
508,63.80230497968558,9.30682762010359,102.19769502031443,156.6931723798964,508
509,66.23543918912696,33.8612470180103,99.76456081087304,132.13875298198968,509
510,71.84547027829052,69.91921559834809,94.1545297217095,96.0807844016519,510
511,78.82788990737302,69.22911482511019,87.17211009262698,96.77088517488983,511
512,64.15377589052554,41.08876650810074,101.84622410947448,124.91123349189925,512
513,75.14750126950028,63.8194518245046,90.85249873049972,102.1805481754954,513
514,74.84520405704895,59.671441958138516,91.15479594295104,106.32855804186147,514
515,40.20289007421178,32.9133725306844,125.79710992578822,133.0866274693156,515
516,68.67114654796136,63.303528379110624,97.32885345203866,102.69647162088938,516
517,75.78307679391695,62.63825833057252,90.21692320608305,103.36174166942749,517
518,74.31722696585359,47.26440592000743,91.68277303414641,118.73559407999258,518
519,28.622337961139777,20.921815743672873,137.37766203886022,145.07818425632712,519
520,64.55694869842574,38.64387510374131,101.44305130157424,127.35612489625869,520
521,47.393922582478986,15.606104066280622,118.60607741752102,150.39389593371936,521
522,67.21940216397046,34.59637059449983,98.78059783602953,131.40362940550017,522
523,51.6806734407491,38.35738967295371,114.3193265592509,127.6426103270463,523
524,65.97366644723533,54.138677922477285,100.02633355276465,111.86132207752271,524
525,71.9090334365079,54.22469845292669,94.0909665634921,111.7753015470733,525
526,74.32531520745566,62.485062609771376,91.67468479254434,103.51493739022862,526
527,20.27033529252288,11.148060547661643,145.72966470747713,154.85193945233834,527
528,73.21111817864266,44.16797238747374,92.78888182135732,121.83202761252626,528
529,64.3817009201968,47.43465604517513,101.61829907980318,118.56534395482487,529
530,76.13923015890347,60.67486605163364,89.86076984109654,105.32513394836636,530
531,26.95485153913856,31.49011541339854,139.04514846086144,134.50988458660146,531
532,64.41801519952726,52.071039529067605,101.58198480047275,113.9289604709324,532
533,65.35987128554613,36.47719478981301,100.64012871445388,129.522805210187,533
534,72.49777676810761,58.265132370982855,93.50222323189237,107.73486762901715,534
535,65.41906743621091,18.99767859239398,100.5809325637891,147.00232140760602,535
536,72.64470971857862,42.67626266003488,93.35529028142139,123.32373733996512,536
537,74.53300806071012,63.960399288588036,91.4669919392899,102.03960071141196,537
538,69.07015174167357,38.68466388695106,96.92984825832643,127.31533611304894,538
539,71.51620963596949,36.7604441062633,94.48379036403051,129.2395558937367,539
540,68.56575576753325,52.564470038087066,97.43424423246674,113.43552996191292,540
541,66.2819891864343,53.96466979264743,99.71801081356571,112.03533020735256,541
542,39.13188715878016,25.34260344446257,126.86811284121984,140.65739655553745,542
543,71.99347103703897,61.949444702989425,94.00652896296101,104.05055529701058,543
544,67.70600250915413,54.67191488778318,98.29399749084587,111.32808511221683,544
545,49.52809588158301,48.761684398177515,116.47190411841699,117.23831560182248,545
546,76.08796339708766,67.62371604548095,89.91203660291235,98.37628395451907,546
547,61.698499470401146,34.5493450476415,104.30150052959885,131.4506549523585,547
548,66.38086806380971,18.40469577002908,99.6191319361903,147.5953042299709,548
549,58.9316199119571,5.370795269273813,107.0683800880429,160.6292047307262,549
550,74.69866284867311,63.54870179621679,91.30133715132689,102.45129820378321,550
551,58.58915204642615,-0.24584784615386468,107.41084795357384,166.24584784615388,551
552,70.31863980826584,52.89574206922716,95.68136019173417,113.10425793077283,552
553,65.67270338093677,41.75700407948033,100.32729661906322,124.24299592051966,553
554,61.06644186412065,32.36561597775184,104.93355813587934,133.63438402224816,554
555,63.410698886254266,40.55663801237584,102.58930111374573,125.44336198762416,555
556,31.923615994644862,20.11408283198456,134.07638400535512,145.88591716801545,556
557,65.73520481405875,57.36493267879915,100.26479518594125,108.63506732120085,557
558,74.40697730350372,73.00422353878898,91.59302269649626,92.99577646121102,558
559,49.97091313610835,27.134604505002393,116.02908686389165,138.8653954949976,559
560,71.95804446101144,44.9725228510686,94.04195553898856,121.02747714893141,560
561,67.83258885595502,29.110149506145397,98.16741114404499,136.8898504938546,561
562,68.28321730769595,54.73753995027149,97.71678269230405,111.2624600497285,562
563,64.61134329776912,38.94367409993771,101.38865670223086,127.05632590006229,563
564,68.76110859081719,60.58289184991737,97.23889140918281,105.41710815008264,564
565,65.22520271388447,53.54992207034927,100.77479728611553,112.45007792965072,565
566,75.85513080508117,50.85270938127137,90.14486919491883,115.14729061872863,566
567,33.53986804442891,13.094066896560904,132.4601319555711,152.9059331034391,567
568,15.184569996017856,21.922088975432388,150.81543000398216,144.0779110245676,568
569,58.77846864358076,44.09580285335527,107.22153135641923,121.90419714664472,569
570,58.12477618568025,28.01344499561735,107.87522381431975,137.98655500438264,570
571,72.6497826532483,48.813878223393075,93.3502173467517,117.18612177660692,571
572,46.795154286684216,22.927341491740172,119.20484571331579,143.07265850825982,572
573,50.65298676365157,32.12066836560742,115.34701323634843,133.87933163439257,573
574,69.11991159520228,59.870275902802035,96.8800884047977,106.12972409719796,574
575,73.34983720344573,63.651208590715555,92.65016279655427,102.34879140928444,575
576,69.58062619754558,53.04138928350482,96.4193738024544,112.95861071649517,576
577,71.31892247585866,58.84780873165954,94.68107752414133,107.15219126834046,577
578,66.170666425479,44.27815725427058,99.82933357452102,121.72184274572942,578
579,64.33317250943537,60.43255863389692,101.66682749056464,105.56744136610308,579
580,55.28042669317401,34.50237240016268,110.71957330682599,131.49762759983733,580
581,63.488164329054015,24.903581555099272,102.51183567094598,141.09641844490073,581
582,62.54611258678439,61.23406471542057,103.45388741321563,104.76593528457943,582
583,73.02888284531268,64.72141115950139,92.97111715468733,101.27858884049863,583
584,70.39877739066561,47.43765507415179,95.60122260933439,118.56234492584821,584
585,64.18795028279746,49.63291230493735,101.81204971720253,116.36708769506265,585
586,69.96096548819659,56.04317870069801,96.03903451180341,109.95682129930199,586
587,34.89708932793151,12.116202045178213,131.1029106720685,153.88379795482177,587
588,-12.751553640789552,37.19432968916403,178.75155364078955,128.80567031083598,588
589,77.01379249858476,65.69534596921974,88.98620750141524,100.30465403078027,589
590,35.77391391799441,-13.658890900552976,130.2260860820056,179.658890900553,590
591,40.13609286065957,-6.653098902450111,125.86390713934043,172.6530989024501,591
592,77.03073584037148,48.96474505292342,88.96926415962851,117.03525494707658,592
593,71.1728899720373,43.82055797599332,94.82711002796272,122.17944202400668,593
594,78.00181701765533,72.34213457992173,87.99818298234467,93.65786542007828,594
595,76.3806306836916,70.62866166799242,89.6193693163084,95.37133833200757,595
596,78.96033985804499,72.12774693025867,87.03966014195503,93.87225306974133,596
597,77.06748406555027,77.43498539422401,88.93251593444973,88.56501460577597,597
598,71.86087151053036,65.9135240522658,94.13912848946964,100.08647594773421,598
599,79.09701666341466,73.10864612085383,86.90298333658532,92.89135387914618,599
600,77.09501802760896,70.34522724176765,88.90498197239104,95.65477275823235,600
601,78.65877738275266,74.8161241990729,87.34122261724733,91.1838758009271,601
602,75.15798805610633,60.165391489835,90.84201194389368,105.834608510165,602
603,79.6972944235067,71.66718857421073,86.3027055764933,94.33281142578927,603
604,75.35757750796121,70.8292177916742,90.64242249203879,95.1707822083258,604
605,78.7688953613997,70.63592627306839,87.23110463860031,95.3640737269316,605
606,80.2894952268996,78.4334715045234,85.71050477310038,87.56652849547662,606
607,71.80969844619905,69.59781453547127,94.19030155380096,96.40218546452871,607
608,68.01476856790731,50.53335900786008,97.98523143209269,115.46664099213993,608
609,63.15673639854782,10.25156604778357,102.84326360145218,155.74843395221643,609
610,74.52893375955541,71.26853477554914,91.47106624044459,94.73146522445086,610
611,79.4911778878811,76.36248248119072,86.50882211211892,89.63751751880928,611
612,70.06352049771857,31.0660695871668,95.93647950228143,134.9339304128332,612
613,73.76753851315357,27.327537977694938,92.23246148684642,138.67246202230507,613
614,61.15639722468302,22.907310406651803,104.84360277531698,143.0926895933482,614
615,65.07609090431282,8.473193404570878,100.9239090956872,157.52680659542912,615
616,33.34473079005107,-20.760453972117915,132.65526920994893,186.76045397211792,616
617,66.73702126702703,35.643983227445126,99.26297873297298,130.35601677255488,617
618,76.00382679545639,63.91220861879246,89.9961732045436,102.08779138120752,618
619,79.42028263201458,71.26325121442804,86.57971736798541,94.73674878557196,619
620,63.442515637956994,63.21619254915525,102.557484362043,102.78380745084475,620
621,57.091329632777914,7.857367418688369,108.9086703672221,158.14263258131163,621
622,72.23264175428477,55.29692664951233,93.76735824571524,110.70307335048767,622
623,77.24438178678405,64.21769666274926,88.75561821321597,101.78230333725074,623
624,76.54173315625623,64.17295032240843,89.45826684374376,101.82704967759157,624
625,77.87897143510212,74.83533674530909,88.12102856489788,91.16466325469091,625
626,74.131344835491,61.89388751451372,91.86865516450898,104.10611248548628,626
627,68.64144873785537,50.72450917782193,97.35855126214463,115.27549082217807,627
628,75.66732294557588,68.24996081361141,90.33267705442412,97.7500391863886,628
629,62.12181953440857,52.03666859715349,103.87818046559143,113.9633314028465,629
630,70.91054725349478,29.711996598671483,95.08945274650522,136.28800340132852,630
631,71.54783418137961,58.065485666199564,94.45216581862039,107.93451433380045,631
632,79.64202452175421,74.97564315271934,86.35797547824578,91.02435684728064,632
633,64.66692737708908,29.081599401271177,101.33307262291092,136.91840059872882,633
634,67.16307216536836,0.5569450601659156,98.83692783463164,165.4430549398341,634
635,75.66482089090525,66.2331793823337,90.33517910909475,99.76682061766631,635
636,67.88080571714471,40.86949072747279,98.11919428285528,125.1305092725272,636
637,65.04517371550011,59.78407787207236,100.9548262844999,106.21592212792764,637
638,68.4603161444953,53.36439178960552,97.5396838555047,112.63560821039448,638
639,61.16452832408426,45.01076450739631,104.83547167591573,120.98923549260368,639
640,55.648927443334145,54.76167519022242,110.35107255666586,111.23832480977758,640
641,78.80472291588505,71.63406175782218,87.19527708411495,94.36593824217783,641
642,73.7821313472148,68.22080369023742,92.2178686527852,97.77919630976258,642
643,68.42996091074221,67.30770870578488,97.57003908925778,98.69229129421512,643
644,73.74194883624847,55.40542693752993,92.25805116375155,110.59457306247006,644
645,31.52236360806762,33.492118171699175,134.47763639193238,132.5078818283008,645
646,76.58241147314664,64.18442516656748,89.41758852685336,101.81557483343254,646
647,74.09847639428858,60.20868953279563,91.90152360571142,105.79131046720437,647
648,73.41472475290877,70.56696733495804,92.58527524709123,95.43303266504196,648
649,75.53510535568101,60.652941232401545,90.46489464431899,105.34705876759847,649
650,20.800919536037348,37.339146294008025,145.19908046396264,128.66085370599197,650
651,63.01894704976738,59.00243697268408,102.98105295023262,106.99756302731592,651
652,72.81590351332038,56.80071489286395,93.18409648667962,109.19928510713603,652
653,60.750177549865704,49.58004039499749,105.2498224501343,116.4199596050025,653
654,61.331584943459745,53.44062335209857,104.66841505654025,112.55937664790144,654
655,39.95713614822429,45.87165155420318,126.0428638517757,120.12834844579682,655
656,29.305857970817712,33.29811811095579,136.69414202918227,132.70188188904422,656
657,68.92611991578016,51.646615994042996,97.07388008421982,114.353384005957,657
658,74.32280727279843,49.63797772916035,91.67719272720157,116.36202227083965,658
659,55.25092677110639,51.449416125648355,110.74907322889362,114.55058387435164,659
660,80.16524254785352,77.30523516179115,85.83475745214648,88.69476483820887,660
661,57.68693297795582,61.820693894156946,108.31306702204418,104.17930610584307,661
662,71.40398752533874,55.89405872322454,94.59601247466128,110.10594127677547,662
663,60.069904050571445,51.242512999884575,105.93009594942856,114.75748700011542,663
664,59.34718721140126,55.66867739090369,106.65281278859874,110.3313226090963,664
665,63.72694920199451,47.157154477845964,102.2730507980055,118.84284552215404,665
666,61.082191822344555,37.61737911036319,104.91780817765544,128.38262088963683,666
667,51.79440063366031,44.66912726583831,114.2055993663397,121.33087273416169,667
668,77.09323457275472,73.78972548590434,88.90676542724526,92.21027451409566,668
669,48.27215842979873,49.538910828209744,117.72784157020126,116.46108917179026,669
670,51.66191671364537,50.60366376231719,114.33808328635465,115.39633623768282,670
671,47.95966094538325,47.89666054169489,118.04033905461675,118.1033394583051,671
672,66.39487366428668,53.6277668228563,99.60512633571332,112.3722331771437,672
673,54.57555513954582,50.387277382898574,111.42444486045417,115.61272261710143,673
674,48.07585810467206,42.865119247716706,117.92414189532795,123.1348807522833,674
675,77.88138629607586,69.93316440372801,88.11861370392413,96.06683559627197,675
676,77.72390565261576,58.279435012271676,88.27609434738424,107.72056498772832,676
677,73.83945450246003,57.77668606972904,92.16054549753999,108.22331393027096,677
678,73.43447470078094,55.91642788515516,92.56552529921908,110.08357211484484,678
679,71.9718938559243,64.16673776764894,94.02810614407571,101.83326223235105,679
680,73.0269581589918,49.67570893758575,92.97304184100818,116.32429106241425,680
681,55.526170724442146,53.789415526003225,110.47382927555785,112.21058447399676,681
682,75.8697309088296,64.92970234576916,90.13026909117039,101.07029765423084,682
683,77.9438189992347,69.39742578360625,88.0561810007653,96.60257421639373,683
684,77.81774949346328,74.3624477280887,88.18225050653672,91.6375522719113,684
685,72.68140492847984,47.61804048582809,93.31859507152015,118.38195951417191,685
686,40.81921045460979,35.7803436207375,125.18078954539021,130.21965637926252,686
687,74.08907019091161,64.63332418992212,91.91092980908837,101.36667581007788,687
688,73.16632150146752,65.93482765615886,92.83367849853248,100.06517234384113,688
689,76.9399572093095,73.32080136000403,89.06004279069052,92.67919863999597,689
690,71.58021983026819,63.29844745965434,94.41978016973181,102.70155254034566,690
691,61.67344370860593,28.64460569432876,104.32655629139407,137.35539430567124,691
692,66.72157791545814,36.40080676596968,99.27842208454184,129.5991932340303,692
693,34.38144657084988,44.96239918671754,131.61855342915013,121.03760081328247,693
694,77.97973682836248,66.68970689066255,88.02026317163752,99.31029310933747,694
695,68.46771672920943,48.68104479664334,97.53228327079059,117.31895520335667,695
696,58.87916261300202,47.343275387032556,107.12083738699798,118.65672461296745,696
697,78.70723835247053,65.4547032566417,87.29276164752947,100.54529674335829,697
698,76.09523146206189,72.17672112701054,89.90476853793811,93.82327887298946,698
699,62.428065804049936,51.85761677191354,103.57193419595006,114.14238322808646,699
700,68.0879606672159,49.03015987489785,97.9120393327841,116.96984012510215,700
701,69.17875546034294,41.0714783940275,96.82124453965704,124.92852160597249,701
702,72.96797363440467,57.60293262500571,93.03202636559534,108.3970673749943,702
703,74.59622795257987,60.399940177070334,91.40377204742012,105.60005982292967,703
704,53.612104324228994,46.81766293393278,112.387895675771,119.18233706606722,704
705,63.687449305891775,59.00218639906963,102.31255069410823,106.99781360093037,705
706,74.964405105252,67.09387627162106,91.03559489474799,98.90612372837896,706
707,65.83466227757228,55.20221187643698,100.16533772242772,110.79778812356301,707
708,59.5514383956606,54.56517513461702,106.4485616043394,111.43482486538298,708
709,60.980942089862246,55.57442764043021,105.01905791013775,110.4255723595698,709
710,74.01997660081,65.33145300788715,91.98002339919002,100.66854699211284,710
711,63.45969818394557,59.405187633189364,102.54030181605444,106.59481236681063,711
712,73.56197493844714,68.09221065600269,92.43802506155286,97.90778934399731,712
713,73.0894733111706,67.45145832400995,92.9105266888294,98.54854167599007,713
714,61.79269396823349,56.16367895696207,104.2073060317665,109.83632104303794,714
715,61.18214160801982,46.37293766045387,104.81785839198018,119.62706233954613,715
716,74.60286176608568,67.30745813093048,91.39713823391432,98.69254186906953,716
717,70.30954918832659,60.445846051946454,95.69045081167343,105.55415394805354,717
718,64.40517168504908,62.76593698734731,101.5948283149509,103.23406301265268,718
719,68.11358057386623,56.63518000962266,97.88641942613377,109.36481999037734,719
720,73.88734392611565,71.5946578690072,92.11265607388434,94.4053421309928,720
721,70.59952586933277,63.644561097071474,95.40047413066725,102.35543890292854,721
722,74.25604069716954,55.84204278553888,91.74395930283046,110.15795721446112,722
723,79.45033810644927,67.7218250721822,86.54966189355073,98.2781749278178,723
724,60.63196475855559,73.34106604937688,105.3680352414444,92.65893395062311,724
725,77.39604809900861,62.23477336236129,88.60395190099139,103.7652266376387,725
726,75.84626595446753,66.57579759250088,90.15373404553247,99.42420240749912,726
727,45.746152458772805,28.74610600092838,120.2538475412272,137.25389399907164,727
728,69.64786163827588,57.809884451423706,96.35213836172412,108.1901155485763,728
729,57.679682997146344,41.727391240527325,108.32031700285367,124.27260875947267,729
730,-4.681206533673034,7.022050757719825,170.68120653367305,158.97794924228018,730
731,79.13715812757974,71.54346975495525,86.86284187242028,94.45653024504475,731
732,74.1508428341177,67.09520020863178,91.84915716588232,98.90479979136822,732
733,78.40792223357737,66.79416595597436,87.59207776642263,99.20583404402562,733
734,52.54863785506287,26.377680304737602,113.45136214493712,139.6223196952624,734
735,71.21008996691981,65.05922069312135,94.7899100330802,100.94077930687864,735
736,72.8301489800856,53.527922128521375,93.16985101991439,112.47207787147863,736
737,67.41231172658709,48.816335026351766,98.58768827341291,117.18366497364823,737
738,63.89993267654113,19.31008861974292,102.10006732345886,146.6899113802571,738
739,75.08484409108071,59.30946961204751,90.91515590891929,106.69053038795249,739
740,73.78313669654563,43.62743936127598,92.21686330345439,122.37256063872402,740
741,71.12560568575843,57.66588360900464,94.87439431424158,108.33411639099535,741
742,72.33741540479045,29.480241193502877,93.66258459520955,136.51975880649712,742
743,74.68753254893589,45.75624078704595,91.3124674510641,120.24375921295405,743
744,58.92193661104572,61.27544246135264,107.07806338895426,104.72455753864736,744
745,67.75630910169309,59.32734894011393,98.24369089830692,106.67265105988608,745
746,69.55925810006286,43.57521249502413,96.44074189993714,122.42478750497587,746
747,61.61341153869835,20.635676043410037,104.38658846130164,145.36432395658997,747
748,78.68849493332084,66.12451669395807,87.31150506667915,99.87548330604193,748
749,76.13199850971897,57.7241489102246,89.86800149028105,108.2758510897754,749
750,62.53445452412762,59.39659886795973,103.46554547587237,106.60340113204026,750
751,74.53277232537597,43.24628085008899,91.46722767462401,122.753719149911,751
752,68.86430345531501,38.73345370796362,97.135696544685,127.26654629203638,752
753,76.82496393922682,58.023922409521035,89.17503606077317,107.97607759047897,753
754,74.00329075147472,58.14756171921957,91.99670924852526,107.85243828078043,754
755,73.28446165499017,45.31203267619756,92.71553834500983,120.68796732380244,755
756,66.22595296073052,63.23594470857511,99.77404703926948,102.76405529142488,756
757,64.63493922129149,45.05563440212763,101.36506077870851,120.94436559787238,757
758,71.05126233724866,41.08724900462868,94.94873766275134,124.91275099537131,758
759,74.7432028503325,48.23065853909511,91.2567971496675,117.76934146090488,759
760,70.03413312958845,40.883371238310154,95.96586687041156,125.11662876168984,760
761,71.70579359063233,29.7748596050466,94.29420640936766,136.2251403949534,761
762,74.76039760122383,58.46480868857704,91.23960239877619,107.53519131142295,762
763,69.3725601861309,47.08418606928662,96.6274398138691,118.91581393071337,763
764,73.93620789368687,52.14296417245332,92.06379210631314,113.8570358275467,764
765,77.10683997650666,65.821942890347,88.89316002349334,100.17805710965301,765
766,76.11533938635144,59.167437111957504,89.88466061364858,106.8325628880425,766
767,70.13699384870792,59.03363646430691,95.86300615129207,106.96636353569309,767
768,63.650423799052,44.87077502344822,102.34957620094801,121.12922497655178,768
769,66.01923196304125,50.43896607906929,99.98076803695876,115.56103392093071,769
770,60.452322706725674,41.201471063564924,105.54767729327432,124.79852893643508,770
771,62.9325717030526,51.77066757637944,103.06742829694738,114.22933242362055,771
772,78.44058732702335,67.87470950485579,87.55941267297663,98.12529049514421,772
773,67.06475340353538,39.50992085400395,98.93524659646461,126.49007914599605,773
774,73.19357660685482,59.54633578567894,92.80642339314518,106.45366421432107,774
775,75.33572973446748,52.281669099501826,90.66427026553252,113.71833090049816,775
776,68.91878291219192,43.87860015844909,97.08121708780808,122.12139984155091,776
777,78.11269240148525,67.58744069557234,87.88730759851475,98.41255930442766,777
778,69.60102766533942,47.60810572320267,96.3989723346606,118.39189427679733,778
779,74.76199993930565,64.18089613418056,91.23800006069433,101.81910386581943,779
780,76.56781652960846,61.06496230985401,89.43218347039154,104.93503769014599,780
781,72.17287631252749,51.74736843080249,93.8271236874725,114.25263156919752,781
782,64.04857320241794,38.84999884909403,101.95142679758206,127.15000115090598,782
783,70.89135245242667,59.98650499706749,95.10864754757331,106.0134950029325,783
784,76.95450800849227,65.04070262719057,89.04549199150772,100.95929737280943,784
785,70.40929261733145,44.84214967647549,95.59070738266857,121.15785032352451,785
786,73.99139291218216,63.921724303215974,92.00860708781784,102.07827569678403,786
787,66.09954763354355,45.43674384122165,99.90045236645645,120.56325615877836,787
788,73.25382183775828,54.36126286718459,92.74617816224173,111.63873713281541,788
789,71.26880734833153,54.24792424884769,94.73119265166845,111.75207575115232,789
790,74.81672851941231,59.910189172223596,91.1832714805877,106.0898108277764,790
791,69.05403149204044,53.125100538872104,96.94596850795958,112.87489946112791,791
792,65.88115659473605,40.18938668390746,100.11884340526393,125.81061331609254,792
793,72.3832227680722,56.49267981174823,93.6167772319278,109.50732018825178,793
794,75.36298331725666,63.34790596399456,90.63701668274334,102.65209403600545,794
795,80.29099383490919,68.9751066077804,85.70900616509081,97.0248933922196,795
796,71.18762225579772,55.01199027261852,94.81237774420227,110.98800972738148,796
797,76.35005635671025,64.10435327085892,89.64994364328973,101.89564672914106,797
798,76.94839655078763,68.8704626225768,89.05160344921238,97.1295373774232,798
799,80.24724116328274,73.34706890835741,85.75275883671725,92.65293109164257,799
800,77.1701248599693,72.58372292395212,88.82987514003071,93.41627707604786,800
801,77.19901047359937,70.73028185939057,88.80098952640063,95.26971814060944,801
802,69.65272802492446,43.67747593935504,96.34727197507554,122.32252406064495,802
803,76.31221141744149,42.605023081452295,89.68778858255851,123.39497691854771,803
804,71.09238422558197,54.18767425974606,94.90761577441803,111.81232574025394,804
805,75.2521989893906,69.03140689797286,90.74780101060938,96.96859310202716,805
806,79.25041126256106,71.39563526889559,86.74958873743894,94.6043647311044,806
807,78.49554490966231,74.29296840909602,87.50445509033767,91.707031590904,807
808,72.91090426563335,50.63556812931055,93.08909573436665,115.36443187068946,808
809,71.51245759026992,68.02916727432972,94.4875424097301,97.97083272567026,809
810,61.26534800659772,8.91644491985754,104.73465199340228,157.08355508014245,810
811,77.03148444822014,63.02219704115341,88.96851555177986,102.97780295884658,811
812,76.45490007540043,53.369921396282095,89.54509992459955,112.63007860371789,812
813,72.92917059584647,66.77145688532084,93.07082940415353,99.22854311467914,813
814,75.46711921386479,67.67633274675659,90.53288078613521,98.32366725324343,814
815,78.1088620907478,68.56371170885674,87.89113790925221,97.43628829114326,815
816,74.95025749628545,66.61701076442016,91.04974250371457,99.38298923557984,816
817,80.23335108427838,71.26596905140863,85.76664891572163,94.73403094859138,817
818,75.00705915745024,67.62031648570103,90.99294084254976,98.37968351429899,818
819,69.21682905329594,48.81112084134668,96.78317094670408,117.18887915865332,819
820,77.32750301861381,70.02821588504494,88.67249698138619,95.97178411495506,820
821,78.90280973562369,71.73247180777877,87.09719026437631,94.26752819222125,821
822,74.70086984605419,68.55321173668696,91.29913015394582,97.44678826331304,822
823,78.66116980541513,71.10436680699593,87.33883019458486,94.89563319300407,823
824,78.58470059617126,69.61345817387853,87.41529940382875,96.38654182612147,824
825,78.54174318679375,72.06485789701388,87.45825681320626,93.93514210298613,825
826,78.25003947384823,68.54899279894305,87.74996052615175,97.45100720105697,826
827,77.18207223199823,59.3321344171047,88.81792776800175,106.6678655828953,827
828,73.93579953884515,59.692133392081985,92.06420046115485,106.30786660791802,828
829,72.98391828568246,60.654740792228424,93.01608171431754,105.34525920777158,829
830,76.07861163905902,64.9564994388561,89.92138836094098,101.04350056114389,830
831,75.51599897652187,70.86147577699415,90.48400102347813,95.13852422300586,831
832,77.52518059595154,62.81244644589147,88.47481940404846,103.18755355410853,832
833,74.41822727375049,64.12319987888571,91.58177272624951,101.87680012111427,833
834,77.6654859342825,64.48445122336364,88.3345140657175,101.51554877663635,834
835,75.42614973659367,75.77330108209841,90.57385026340631,90.2266989179016,835
836,78.67173844800246,70.03046587912658,87.32826155199756,95.96953412087342,836
837,77.02577125793628,72.41345149198757,88.97422874206373,93.58654850801241,837
838,71.46496956007483,70.2482158772782,94.53503043992515,95.75178412272179,838
839,80.06414232080301,74.35864422891291,85.93585767919699,91.64135577108708,839
840,75.27777029851481,70.7734351052718,90.72222970148519,95.2265648947282,840
841,75.66134714921822,67.5158107541717,90.33865285078177,98.4841892458283,841
842,78.59866846141988,74.72031307581621,87.40133153858011,91.27968692418379,842
843,78.7352276469266,71.16459806079658,87.26477235307338,94.83540193920342,843
844,78.86286788105542,73.20997414456939,87.13713211894458,92.7900258554306,844
845,78.98498934465923,76.98498428410201,87.01501065534079,89.015015715898,845
846,79.4510240473483,66.71816230235358,86.5489759526517,99.28183769764641,846
847,78.5771804742736,65.7966810578598,87.42281952572641,100.20331894214021,847
848,76.53284776786408,67.56059812322705,89.4671522321359,98.43940187677296,848
849,79.17898998136619,74.27122708724188,86.82101001863381,91.72877291275813,849
850,77.66819248733857,69.60531417641683,88.33180751266143,96.39468582358317,850
851,79.7077870284564,75.38401260094922,86.2922129715436,90.61598739905077,851
852,79.17800788778185,62.93642590102651,86.82199211221815,103.06357409897349,852
853,79.6652513429307,63.87492381060929,86.3347486570693,102.12507618939071,853
854,78.9522376474773,77.10323217241005,87.0477623525227,88.89676782758995,854
855,78.67418906995462,73.92027493532981,87.32581093004538,92.07972506467019,855
856,78.98491977913278,70.97616303867605,87.01508022086723,95.02383696132395,856
857,78.88677127108933,71.78874542867192,87.11322872891067,94.2112545713281,857
858,74.2929055061689,65.40291207429479,91.70709449383108,100.59708792570521,858
859,71.34938734261826,63.645190410246215,94.65061265738174,102.35480958975378,859
860,79.16239653062945,71.71859815070367,86.83760346937056,94.28140184929632,860
861,78.59357161432017,73.06080828456075,87.40642838567983,92.93919171543926,861
862,78.83691460555023,63.3690926227925,87.16308539444977,102.6309073772075,862
863,79.4315970224763,77.19325557950066,86.56840297752369,88.80674442049933,863
864,78.62595216151576,76.92298398862567,87.37404783848424,89.07701601137434,864
865,68.44036391904098,56.922300445351766,97.55963608095904,109.07769955464823,865
866,77.22021756428445,69.94229914715075,88.77978243571555,96.05770085284925,866
867,80.18133323334237,73.67894600581566,85.81866676665763,92.32105399418435,867
868,77.97472310228919,73.61697302305913,88.02527689771082,92.38302697694088,868
869,79.09382015262995,72.91724138690208,86.90617984737005,93.08275861309791,869
870,80.26312170301638,75.71920769678877,85.73687829698363,90.28079230321124,870
871,78.52757411324684,70.82729339618751,87.47242588675317,95.17270660381249,871
872,79.94974196788206,73.77522552443692,86.05025803211794,92.22477447556307,872
873,67.23495832347724,64.31770051459135,98.76504167652277,101.68229948540863,873
874,77.72586077246432,71.373719226468,88.27413922753568,94.626280773532,874
875,71.21599910330806,71.32230901194504,94.78400089669194,94.67769098805496,875
876,80.8663096522691,77.03746664055451,85.1336903477309,88.96253335944547,876
877,79.88620208876542,73.85042410477405,86.11379791123458,92.14957589522596,877
878,72.64442690874611,64.44208815457674,93.35557309125389,101.55791184542326,878
879,68.81485930055287,37.27660656936648,97.18514069944712,128.7233934306335,879
880,76.17973181427828,73.66872523111122,89.82026818572172,92.33127476888876,880
881,76.14942183535447,64.98245232134796,89.85057816464553,101.01754767865204,881
882,79.18076497671,73.43047465384907,86.81923502329,92.56952534615094,882
